date_utc,time_utc,chain,chain_id,base_fee_wei,tip_wei,transfer_exec_wei,transfer_l1_wei,transfer_total_wei,swap_exec_wei,swap_l1_wei,swap_total_wei,eth_usd
2026-09-29,01:14:35,ethereum,1,505940073,0,10624741533000,,10624741533000,71156423746866,,71156423746866,2669.04
2026-09-29,01:14:35,blast,81457,289,1000000,21006069000,1013727252,22019796252,140682645538,3340493468,144023139006,2669.04
2026-09-29,01:14:35,ink,57073,266,1000000,21005586000,5955640094,26961226094,140679410772,12509071608,153188482380,2669.04
2026-09-29,01:14:35,op mainnet,10,616,1000000,21012936000,7414085257,28427021257,140728635472,15572351909,156300987381,2669.04
2026-09-29,01:14:35,soneium,1868,281,1000000,21005901000,12471783000,33477684000,140681520402,26195408747,166876929149,2669.04
2026-09-29,01:14:35,unichain,130,500000,1000000,31500000000,4390331624,35890331624,210963000000,9221338394,220184338394,2669.04
2026-09-29,01:14:35,world chain,480,500000,1000000,31500000000,9823570488,41323570488,210963000000,20633172041,231596172041,2669.04
2026-09-29,01:14:35,zora,7777777,252,1000000,21005292000,80461453077,101466745077,140677441784,168999144045,309676585829,2669.04
2026-09-29,01:14:35,mode,34443,252,1000000,21005292000,81980837226,102986129226,140677441784,172190419007,312867860791,2669.04
2026-09-29,01:14:35,base,8453,5000000,1000000,126000000000,5265135561,131265135561,843852000000,11058753839,854910753839,2669.04
2026-09-29,01:14:35,polygon zkevm,1101,0,10000000,210000000000,,210000000000,1406420000000,,1406420000000,2669.04
2026-09-29,01:14:35,arbitrum one,42161,20000000,0,420000000000,20800000000,440800000000,2812840000000,20800000000,2833640000000,2669.04
2026-09-29,01:14:35,linea,59144,7,399999993,147000,808180317000,808180464000,984494,1457989993851,1457990978345,2669.04
2026-09-29,01:14:35,scroll,534352,120008,100,2522268000,957623753908,960146021908,16892229336,17731925584795,17748817814131,2669.04
2026-09-30,01:15:11,ethereum,1,106883733,0,2244558393000,,2244558393000,15032341976586,,15032341976586,2671.34
2026-09-30,01:15:11,blast,81457,262,1000000,21005502000,239103042,21244605042,140678848204,787906362,141466754566,2671.34
2026-09-30,01:15:11,ink,57073,284,1000000,21005964000,1417610168,22423574168,140681942328,2977511540,143659453868,2671.34
2026-09-30,01:15:11,op mainnet,10,1096,1000001,21023037000,1715724779,22738761779,140796284274,3603663716,144399947990,2671.34
2026-09-30,01:15:11,soneium,1868,270,1000000,21005670000,2994705521,24000375521,140679973340,6290001614,146969974954,2671.34
2026-09-30,01:15:11,unichain,130,500000,1000000,31500000000,1045254030,32545254030,210963000000,2195424388,213158424388,2671.34
2026-09-30,01:15:11,world chain,480,500000,1000000,31500000000,2287552528,33787552528,210963000000,4804715854,215767715854,2671.34
2026-09-30,01:15:11,zora,7777777,252,1000000,21005292000,19553366004,40558658004,140677441784,41069381568,181746823352,2671.34
2026-09-30,01:15:11,mode,34443,252,1000000,21005292000,19850054504,40855346504,140677441784,41692538380,182369980164,2671.34
2026-09-30,01:15:11,base,8453,5000000,1000000,126000000000,1096835780,127096835780,843852000000,2303765356,846155765356,2671.34
2026-09-30,01:15:11,polygon zkevm,1101,0,10000000,210000000000,,210000000000,1406420000000,,1406420000000,2671.34
2026-09-30,01:15:11,scroll,534352,120008,100,2522268000,219294608773,221816876773,16892229336,4060588167379,4077480396715,2671.34
2026-09-30,01:15:11,arbitrum one,42161,20000000,0,420000000000,6334020000,426334020000,2812840000000,6334020000,2819174020000,2671.34
2026-09-30,01:15:11,linea,59144,7,1000000000,147000,794399970000,794400117000,984494,1375307981997,1375308966491,2671.34
2026-10-01,01:15:46,ethereum,1,72575951,0,1524094971000,,1524094971000,10207226900542,,10207226900542,2686.44
2026-10-01,01:15:46,blast,81457,252,1000000,21005292000,152997630,21158289630,140677441784,504166761,141181608545,2686.44
2026-10-01,01:15:46,ink,57073,286,1000000,21006006000,997929596,22003935596,140682223612,2096025378,142778248990,2686.44
2026-10-01,01:15:46,op mainnet,10,1168,999999,21024507000,1207344667,22231851667,140806129214,2535875349,143342004563,2686.44
2026-10-01,01:15:46,soneium,1868,261,1000000,21005481000,1951008500,22956489500,140678707562,4097847528,144776555090,2686.44
2026-10-01,01:15:46,unichain,130,500000,1000000,31500000000,697747433,32197747433,210963000000,1465530568,212428530568,2686.44
2026-10-01,01:15:46,world chain,480,500000,1000000,31500000000,1615751811,33115751811,210963000000,3393683094,214356683094,2686.44
2026-10-01,01:15:46,zora,7777777,252,1000000,21005292000,12301554371,33306846371,140677441784,25837864961,166515306745,2686.44
2026-10-01,01:15:46,mode,34443,252,1000000,21005292000,12492591920,33497883920,140677441784,26239115262,166916557046,2686.44
2026-10-01,01:15:46,base,8453,5009648,990352,126000000000,796480692,126796480692,843852000000,1672907337,845524907337,2686.44
2026-10-01,01:15:46,scroll,534352,120008,100,2522268000,141645466568,144167734568,16892229336,2622790905480,2639683134816,2686.44
2026-10-01,01:15:46,polygon zkevm,1101,0,10000000,210000000000,,210000000000,1406420000000,,1406420000000,2686.44
2026-10-01,01:15:46,arbitrum one,42161,20000000,58000,421218000000,5100000000,426318000000,2820997236000,5100000000,2826097236000,2686.44
2026-10-01,01:15:46,linea,59144,7,1000000000,147000,794399970000,794400117000,984494,1375307981997,1375308966491,2686.44
2026-10-02,01:15:09,ethereum,1,90683384,3327378,1974226002000,,1974226002000,13221861589204,,13221861589204,2702.95
2026-10-02,01:15:09,blast,81457,253,1000000,21005313000,213189667,21218502667,140677582426,702515089,141380097515,2702.95
2026-10-02,01:15:09,ink,57073,293,1000000,21006153000,1211081734,22217234734,140683208106,2543724586,143226932692,2702.95
2026-10-02,01:15:09,op mainnet,10,1538,999998,21032256000,1463620577,22495876577,140858026112,3074150607,143932176719,2702.95
2026-10-02,01:15:09,soneium,1868,267,1000000,21005607000,2476577757,23482184757,140679551414,5201739531,145881290945,2702.95
2026-10-02,01:15:09,unichain,130,500000,1000000,31500000000,849717163,32349717163,210963000000,1811580575,212774580575,2702.95
2026-10-02,01:15:09,world chain,480,500000,1000000,31500000000,1980519658,33480519658,210963000000,4159831997,215122831997,2702.95
2026-10-02,01:15:09,zora,7777777,252,1000000,21005292000,16553172492,37558464492,140677441784,34767853121,175445294905,2702.95
2026-10-02,01:15:09,mode,34443,252,1000000,21005292000,16788393707,37793685707,140677441784,35261905644,175939347428,2702.95
2026-10-02,01:15:09,base,8453,5000000,1000000,126000000000,1006366755,127006366755,843852000000,2113746568,845965746568,2702.95
2026-10-02,01:15:09,scroll,534352,120008,100,2522268000,174332191854,176854459854,16892229336,3228037567345,3244929796681,2702.95
2026-10-02,01:15:09,polygon zkevm,1101,0,10000000,210000000000,,210000000000,1406420000000,,1406420000000,2702.95
2026-10-02,01:15:09,arbitrum one,42161,20012000,0,420252000000,7087788000,427339788000,2814527704000,7087788000,2821615492000,2702.95
2026-10-02,01:15:09,linea,59144,7,442527950,147000,794399970000,794400117000,984494,1375307981997,1375308966491,2702.95
2026-10-03,01:14:09,ethereum,1,65936814,0,1384673094000,,1384673094000,9273485394588,,9273485394588,2678.30
2026-10-03,01:14:09,blast,81457,330,1000000,21006930000,148278597,21155208597,140688411860,488616326,141177028186,2678.30
2026-10-03,01:14:09,ink,57073,282,1000000,21005922000,804299639,21810221639,140681661044,1689330051,142370991095,2678.30
2026-10-03,01:14:09,op mainnet,10,2777,1000003,21058380000,980217990,22038597990,141032984760,2058824381,143091809141,2678.30
2026-10-03,01:14:09,soneium,1868,261,1000000,21005481000,1623962600,22629443600,140678707562,3410928822,144089636384,2678.30
2026-10-03,01:14:09,unichain,130,500000,1000000,31500000000,544845240,32044845240,210963000000,1144378776,212107378776,2678.30
2026-10-03,01:14:09,zora,7777777,252,1000000,21005292000,11175872581,32181164581,140677441784,23473512197,164150953981,2678.30
2026-10-03,01:14:09,mode,34443,252,1000000,21005292000,11321602016,32326894016,140677441784,23779598514,164457040298,2678.30
2026-10-03,01:14:09,world chain,480,500000,1000000,31500000000,1334987620,32834987620,210963000000,2803973287,213766973287,2678.30
2026-10-03,01:14:09,base,8453,5000000,1000000,126000000000,641448844,126641448844,843852000000,1347282474,845199282474,2678.30
2026-10-03,01:14:09,scroll,534352,120008,100,2522268000,130523728972,133045996972,16892229336,2416854260086,2433746489422,2678.30
2026-10-03,01:14:09,polygon zkevm,1101,0,10000000,210000000000,,210000000000,1406420000000,,1406420000000,2678.30
2026-10-03,01:14:09,arbitrum one,42161,20068000,0,421428000000,4194212000,425622212000,2822403656000,4194212000,2826597868000,2678.30
2026-10-03,01:14:09,linea,59144,7,479999993,147000,794399970000,794400117000,984494,1375307981997,1375308966491,2678.30
2026-10-04,04:00:15,ethereum,1,64517484,0,1354867164000,,1354867164000,9073867984728,,9073867984728,2693.91
2026-10-04,04:00:15,blast,81457,259,1000000,21005439000,145608093,21151047093,140678426278,479816323,141158242601,2693.91
2026-10-04,04:00:15,ink,57073,267,1000002,21005649000,803797625,21809446625,140679832698,1688275632,142368108330,2693.91
2026-10-04,04:00:15,op mainnet,10,1128,1000000,21023688000,944069460,21967757460,140800644176,1982898949,142783543125,2693.91
2026-10-04,04:00:15,soneium,1868,270,1000000,21005670000,1678846558,22684516558,140679973340,3526205661,144206179001,2693.91
2026-10-04,04:00:15,unichain,130,500000,1000000,31500000000,555554138,32055554138,210963000000,1166871467,212129871467,2693.91
2026-10-04,04:00:15,zora,7777777,252,1000000,21005292000,11349836005,32355128005,140677441784,23838900451,164516342235,2693.91
2026-10-04,04:00:15,mode,34443,252,1000000,21005292000,11785212050,32790504050,140677441784,24753352975,165430794759,2693.91
2026-10-04,04:00:15,world chain,480,500000,1000000,31500000000,1326572946,32826572946,210963000000,2786299326,213749299326,2693.91
2026-10-04,04:00:15,base,8453,5000000,1000000,126000000000,592059535,126592059535,843852000000,1243546455,845095546455,2693.91
2026-10-04,04:00:15,scroll,534352,120008,100,2522268000,130126398124,132648666124,16892229336,2409497048030,2426389277366,2693.91
2026-10-04,04:00:15,polygon zkevm,1101,0,10000000,210000000000,,210000000000,1406420000000,,1406420000000,2693.91
2026-10-04,04:00:15,arbitrum one,42161,20000000,190000,423990000000,4620000000,428610000000,2839561980000,4620000000,2844181980000,2693.91
2026-10-04,04:00:15,linea,59144,7,999999993,147000,794399970000,794400117000,984494,1375307981997,1375308966491,2693.91
2026-10-05,01:15:37,ethereum,1,76287183,0,1602030843000,,1602030843000,10729181991486,,10729181991486,2727.27
2026-10-05,01:15:37,blast,81457,254,1000000,21005334000,151209205,21156543205,140677723068,498273436,141175996504,2727.27
2026-10-05,01:15:37,ink,57073,282,1000000,21005922000,845183349,21851105349,140681661044,1775201131,142456862175,2727.27
2026-10-05,01:15:37,op mainnet,10,1269,999999,21026628000,1036391660,22063019660,140820334056,2176810096,142997144152,2727.27
2026-10-05,01:15:37,soneium,1868,276,1000000,21005796000,1763305764,22769101764,140680817192,3703601581,144384418773,2727.27
2026-10-05,01:15:37,unichain,130,500000,1000000,31500000000,587825532,32087825532,210963000000,1234653464,212197653464,2727.27
2026-10-05,01:15:37,zora,7777777,252,1000000,21005292000,11756369448,32761661448,140677441784,24692772723,165370214507,2727.27
2026-10-05,01:15:37,world chain,480,500000,1000000,31500000000,1415175496,32915175496,210963000000,2972397817,213935397817,2727.27
2026-10-05,01:15:37,mode,34443,252,1000000,21005292000,11916326050,32921618050,140677441784,25028741411,165706183195,2727.27
2026-10-05,01:15:37,base,8453,5000000,1000000,126000000000,725691471,126725691471,843852000000,1524223498,845376223498,2727.27
2026-10-05,01:15:37,scroll,534352,120008,100,2522268000,142543605731,145065873731,16892229336,2639421379323,2656313608659,2727.27
2026-10-05,01:15:37,polygon zkevm,1101,0,10000000,210000000000,,210000000000,1406420000000,,1406420000000,2727.27
2026-10-05,01:15:37,arbitrum one,42161,20012000,10000,420462000000,5803480000,426265480000,2815934124000,5803480000,2821737604000,2727.27
2026-10-05,01:15:37,linea,59144,7,433564572,147000,794399970000,794400117000,984494,1375307981997,1375308966491,2727.27
2026-10-06,01:15:00,ethereum,1,99408645,0,2087581545000,,2087581545000,13981030650090,,13981030650090,2717.81
2026-10-06,01:15:00,blast,81457,252,1000000,21005292000,229069632,21234361632,140677441784,754843680,141432285464,2717.81
2026-10-06,01:15:00,ink,57073,281,1000001,21005922000,1294905091,22300827091,140681661044,2719784987,143401446031,2717.81
2026-10-06,01:15:00,op mainnet,10,1872,1000001,21039333000,1555357641,22594690641,140905422466,3266832751,144172255217,2717.81
2026-10-06,01:15:00,soneium,1868,281,1000000,21005901000,2700528353,23706429353,140681520402,5672119540,146353639942,2717.81
2026-10-06,01:15:00,unichain,130,500000,1000000,31500000000,888764561,32388764561,210963000000,1866737977,212829737977,2717.81
2026-10-06,01:15:00,world chain,480,500000,1000000,31500000000,2112599686,33612599686,210963000000,4464641337,215427641337,2717.81
2026-10-06,01:15:00,zora,7777777,252,1000000,21005292000,18451774598,39457066598,140677441784,38755627621,179433069405,2717.81
2026-10-06,01:15:00,mode,34443,252,1000000,21005292000,18697629569,39702921569,140677441784,39272015009,179949456793,2717.81
2026-10-06,01:15:00,base,8453,5000000,1000000,126000000000,1137331709,127137331709,843852000000,2388821951,846240821951,2717.81
2026-10-06,01:15:00,scroll,534352,120008,100,2522268000,181225334023,183747602023,16892229336,3355675048643,3372567277979,2717.81
2026-10-06,01:15:00,polygon zkevm,1101,0,10000000,210000000000,,210000000000,1406420000000,,1406420000000,2717.81
2026-10-06,01:15:00,arbitrum one,42161,20006000,0,420126000000,9680286000,429806286000,2813683852000,9680286000,2823364138000,2717.81
2026-10-06,01:15:00,linea,59144,7,959600000,147000,794399970000,794400117000,984494,1375307981997,1375308966491,2717.81
2026-10-07,01:16:39,ethereum,1,184088460,12548427,4129374627000,,4129374627000,27655405061454,,27655405061454,2692.71
2026-10-07,01:16:39,blast,81457,255,1000000,21005355000,422572783,21427927783,140677863710,1392486606,142070350316,2692.71
2026-10-07,01:16:39,ink,57073,292,1000000,21006132000,2269995682,23276127682,140683067464,4767839910,145450907374,2692.71
2026-10-07,01:16:39,op mainnet,10,1632,999999,21034251000,2707595315,23741846315,140871387102,5686962804,146558349906,2692.71
2026-10-07,01:16:39,soneium,1868,273,1000000,21005733000,4753082775,25758815775,140680395266,9983251480,150663646746,2692.71
2026-10-07,01:16:39,unichain,130,500000,1000000,31500000000,1550113750,33050113750,210963000000,3255818617,214218818617,2692.71
2026-10-07,01:16:39,world chain,480,500000,1000000,31500000000,3779775491,35279775491,210963000000,7938942167,218901942167,2692.71
2026-10-07,01:16:39,zora,7777777,252,1000000,21005292000,33724018500,54729310500,140677441784,70833051634,211510493418,2692.71
2026-10-07,01:16:39,mode,34443,252,1000000,21005292000,33841423407,54846715407,140677441784,71079645847,211757087631,2692.71
2026-10-07,01:16:39,base,8453,5000000,1000000,126000000000,1619119565,127619119565,843852000000,3400756638,847252756638,2692.71
2026-10-07,01:16:39,polygon zkevm,1101,0,10000000,210000000000,,210000000000,1406420000000,,1406420000000,2692.71
2026-10-07,01:16:39,scroll,534352,120008,100,2522268000,383613587752,386135855752,16892229336,7103215186104,7120107415440,2692.71
2026-10-07,01:16:39,arbitrum one,42161,20022000,8000,420630000000,7247964000,427877964000,2817059260000,7240000000,2824299260000,2692.71
2026-10-07,01:16:39,linea,59144,7,210937488,147000,794399970000,794400117000,984494,1375307981997,1375308966491,2692.71
2026-10-08,01:16:46,ethereum,1,1006008215,9957492,21335279847000,,21335279847000,142887448963894,,142887448963894,2581.00
2026-10-08,01:16:46,blast,81457,289,1000001,21006090000,2163942751,23170032751,140682786180,7130751005,147813537185,2581.00
2026-10-08,01:16:46,ink,57073,257,1000000,21005397000,11539285815,32544682815,140678144994,24236815905,164914960899,2581.00
2026-10-08,01:16:46,op mainnet,10,18483,1000016,21388479000,13915414954,35303893954,143243736358,29227575769,172471312127,2581.00
2026-10-08,01:16:46,unichain,130,500000,1000000,31500000000,7901252978,39401252978,210963000000,16595586322,227558586322,2581.00
2026-10-08,01:16:46,soneium,1868,294,1000001,21006195000,24227697657,45233892657,140683489390,50887226239,191570715629,2581.00
2026-10-08,01:16:46,world chain,480,500000,1000000,31500000000,19289710859,50789710859,210963000000,40515607157,251478607157,2581.00
2026-10-08,01:16:46,base,8453,5000000,1000000,126000000000,8304186694,134304186694,843852000000,17441897825,861293897825,2581.00
2026-10-08,01:16:46,zora,7777777,252,1000000,21005292000,172651941628,193657233628,140677441784,362633649245,503311091029,2581.00
2026-10-08,01:16:46,mode,34443,252,1000000,21005292000,174669307562,195674599562,140677441784,366870872201,507548313985,2581.00
2026-10-08,01:16:46,polygon zkevm,1101,0,10000000,210000000000,,210000000000,1406420000000,,1406420000000,2581.00
2026-10-08,01:16:46,arbitrum one,42161,20014000,58000,421512000000,30341224000,451853224000,2822966224000,30341224000,2853307448000,2581.00
2026-10-08,01:16:46,linea,59144,7,253832094,147000,794399970000,794400117000,984494,1375307981997,1375308966491,2581.00
2026-10-08,01:16:46,scroll,534352,120008,100,2522268000,1923468883377,1925991151377,16892229336,35616083002861,35632975232197,2581.00
2026-10-09,01:17:45,ethereum,1,100890272,1399213,2148079185000,,2148079185000,14386197749370,,14386197749370,2472.27
2026-10-09,01:17:45,blast,81457,252,1000000,21005292000,206895159,21212187159,140677441784,681773058,141359214842,2472.27
2026-10-09,01:17:45,ink,57073,264,1000000,21005544000,1146649672,22152193672,140679129488,2408393158,143087522646,2472.27
2026-10-09,01:17:45,op mainnet,10,596,999999,21012495000,1384539752,22397034752,140725681990,2908051298,143633733288,2472.27
2026-10-09,01:17:45,soneium,1868,289,1000000,21006069000,2414261916,23420330916,140682645538,5070852959,145753498497,2472.27
2026-10-09,01:17:45,unichain,130,500000,1000000,31500000000,814357673,32314357673,210963000000,1710455683,212673455683,2472.27
2026-10-09,01:17:45,world chain,480,500000,1000000,31500000000,1889996300,33389996300,210963000000,3969699089,214932699089,2472.27
2026-10-09,01:17:45,zora,7777777,252,1000000,21005292000,16500885499,37506177499,140677441784,34658030880,175335472664,2472.27
2026-10-09,01:17:45,mode,34443,252,1000000,21005292000,16720544650,37725836650,140677441784,35119397250,175796839034,2472.27
2026-10-09,01:17:45,base,8453,5000000,1000000,126000000000,977433126,126977433126,843852000000,2052975124,845904975124,2472.27
2026-10-09,01:17:45,scroll,534352,120008,100,2522268000,188286493696,190808761696,16892229336,3486423641048,3503315870384,2472.27
2026-10-09,01:17:45,polygon zkevm,1101,0,10000000,210000000000,,210000000000,1406420000000,,1406420000000,2472.27
2026-10-09,01:17:45,arbitrum one,42161,20000000,0,420000000000,5309540000,425309540000,2812840000000,5309540000,2818149540000,2472.27
2026-10-09,01:17:45,linea,59144,7,113668887,147000,794399970000,794400117000,984494,1375307981997,1375308966491,2472.27
2026-10-10,01:16:28,ethereum,1,89226425,0,1873754925000,,1873754925000,12548982864850,,12548982864850,2489.41
2026-10-10,01:16:28,blast,81457,254,1000000,21005334000,171090959,21176424959,140677723068,563788957,141241512025,2489.41
2026-10-10,01:16:28,ink,57073,253,1000001,21005334000,943958776,21949292776,140677723068,1982666470,142660389538,2489.41
2026-10-10,01:16:28,op mainnet,10,711,1000001,21014952000,1139612878,22154564878,140742137104,2393613259,143135750363,2489.41
2026-10-10,01:16:28,soneium,1868,276,1000000,21005796000,1936552243,22942348243,140680817192,4067483982,144748301174,2489.41
2026-10-10,01:16:28,unichain,130,500000,1000000,31500000000,656993617,32156993617,210963000000,1379932311,212342932311,2489.41
2026-10-10,01:16:28,world chain,480,500000,1000000,31500000000,1558164816,33058164816,210963000000,3272728869,214235728869,2489.41
2026-10-10,01:16:28,zora,7777777,252,1000000,21005292000,13137555898,34142847898,140677441784,27593780832,168271222616,2489.41
2026-10-10,01:16:28,mode,34443,252,1000000,21005292000,13731041987,34736333987,140677441784,28840323583,169517765367,2489.41
2026-10-10,01:16:28,base,8453,5000000,1000000,126000000000,830735243,126830735243,843852000000,1744854705,845596854705,2489.41
2026-10-10,01:16:28,scroll,534352,120008,100,2522268000,161047255873,163569523873,16892229336,2982045866263,2998938095599,2489.41
2026-10-10,01:16:28,polygon zkevm,1101,0,10000000,210000000000,,210000000000,1406420000000,,1406420000000,2489.41
2026-10-10,01:16:28,arbitrum one,42161,20024000,0,420504000000,4925904000,425429904000,2816215408000,4925904000,2821141312000,2489.41
2026-10-10,01:16:28,linea,59144,7,1000000000,147000,794399970000,794400117000,984494,1375307981997,1375308966491,2489.41
